decile,tax_offset
1,-13.146125034370444
2,-38.74868987314517
3,-46.273290591645406
4,-61.22322887679457
5,-33.83363722357866
6,-37.13733218241162
7,-61.71597444511742
8,-98.06311028692116
9,-136.53234366723404
10,-304.556540388679
