income_group,tax_offset
1,-25.94696815255269
2,-53.64646104771734
3,-35.485426071926184
4,-79.88607108790991
5,-220.5285507488978
